{"C18A": [
{
 "Site": "Athelstaneford",
"Date": "25\/05\/2016",
"NGR": "NT51617605",
"Site Height": "175",
"Aerial height (m)": "18",
"Power (kW)": "1.000,000"
},
{
 "Site": "Black Hill",
"Date": "10\/10\/2000",
"NGR": "NS82836457",
"Site Height": "275",
"Aerial height (m)": "155",
"Power (kW)": "2.399,999"
},
{
 "Site": "Braid Hills",
"Date": "02\/05\/2007",
"NGR": "NT25056945",
"Site Height": "202",
"Aerial height (m)": "43",
"Power (kW)": "0.977,237"
},
{
 "Site": "CRAIGKELLY",
"Date": "11\/10\/2000",
"NGR": "NT23338724",
"Site Height": "181",
"Aerial height (m)": "78",
"Power (kW)": "5.999,997"
},
{
 "Site": "Earls Hill - DAB",
"Date": "12\/05\/2016",
"NGR": "NS72138846",
"Site Height": "410",
"Aerial height (m)": "49",
"Power (kW)": "0.740,000"
},
{
 "Site": "EDINBURGH CASTLE",
"Date": "28\/03\/2018",
"NGR": "NT25117350",
"Site Height": "121",
"Aerial height (m)": "18",
"Power (kW)": "0.027,200"
}
],
"C18A_correlation_data": [
{
 "Site": "Athelstaneford",
"Freq.": "229.072",
"Block": "12D",
"Serv Label1 ": "Forth One",
"Serv Label2 ": "FORTH 2",
"Serv Label3 ": "Heart",
"Serv Label4 ": "HITS RADIO UK",
"Serv Label10 ": "Magic Soul"
},
{
 "Site": "Black Hill",
"Freq.": "229.072",
"Block": "12D",
"Serv Label1 ": "Forth One",
"Serv Label2 ": "FORTH 2",
"Serv Label3 ": "Heart",
"Serv Label4 ": "HITS RADIO UK",
"Serv Label10 ": "Magic Soul"
},
{
 "Site": "Braid Hills",
"Freq.": "229.072",
"Block": "12D",
"Serv Label1 ": "Forth One",
"Serv Label2 ": "FORTH 2",
"Serv Label3 ": "Heart",
"Serv Label4 ": "HITS RADIO UK",
"Serv Label10 ": "Magic Soul"
},
{
 "Site": "CRAIGKELLY",
"Freq.": "229.072",
"Block": "12D",
"Serv Label1 ": "Forth One",
"Serv Label2 ": "FORTH 2",
"Serv Label3 ": "Heart",
"Serv Label4 ": "HITS RADIO UK",
"Serv Label10 ": "Magic Soul"
},
{
 "Site": "Earls Hill - DAB",
"Freq.": "229.072",
"Block": "12D",
"Serv Label1 ": "Forth One",
"Serv Label2 ": "FORTH 2",
"Serv Label3 ": "Heart",
"Serv Label4 ": "HITS RADIO UK",
"Serv Label10 ": "Magic Soul"
},
{
 "Site": "EDINBURGH CASTLE",
"Freq.": "229.072",
"Block": "12D",
"Serv Label1 ": "Forth One",
"Serv Label2 ": "FORTH 2",
"Serv Label3 ": "Heart",
"Serv Label4 ": "HITS RADIO UK",
"Serv Label10 ": "Magic Soul"
}
],
"C18F": [
{
 "Site": "Beecroft Hill",
"Date": "15\/05\/2001",
"NGR": "SE23723509",
"Site Height": "149",
"Aerial height (m)": "44",
"Power (kW)": "0.977,237"
},
{
 "Site": "Emley Moor",
"Date": "13\/05\/2013",
"NGR": "SE22291288",
"Site Height": "256",
"Aerial height (m)": "271",
"Power (kW)": "5.000,000"
},
{
 "Site": "Morley",
"Date": "14\/11\/2001",
"NGR": "SE283268",
"Site Height": "120",
"Aerial height (m)": "59",
"Power (kW)": "1.000,000"
}
],
"C18F_correlation_data": [
{
 "Site": "Beecroft Hill",
"Freq.": "229.072",
"Block": "12D",
"Serv Label1 ": "Grt Hits Leeds",
"Serv Label2 ": "Smooth UK",
"Serv Label3 ": "Absolute  C Rock",
"Serv Label4 ": "Magic Chilled",
"Serv Label10 ": "Absolute Country"
},
{
 "Site": "Emley Moor",
"Freq.": "229.072",
"Block": "12D",
"Serv Label1 ": "Grt Hits Leeds",
"Serv Label2 ": "Smooth UK",
"Serv Label3 ": "Absolute  C Rock",
"Serv Label4 ": "Magic Chilled",
"Serv Label10 ": "Absolute Country"
},
{
 "Site": "Morley",
"Freq.": "229.072",
"Block": "12D",
"Serv Label1 ": "Grt Hits Leeds",
"Serv Label2 ": "Smooth UK",
"Serv Label3 ": "Absolute  C Rock",
"Serv Label4 ": "Magic Chilled",
"Serv Label10 ": "Absolute Country"
}
],
"C188": [
{
 "Site": "Burnhope",
"Date": "21\/11\/2000",
"NGR": "NZ18424749",
"Site Height": "240",
"Aerial height (m)": "227",
"Power (kW)": "4.379,999"
},
{
 "Site": "Cale Cross House",
"Date": "23\/11\/2017",
"NGR": "NZ25156398",
"Site Height": "15",
"Aerial height (m)": "62",
"Power (kW)": "0.300,000"
},
{
 "Site": "DURHAM",
"Date": "27\/07\/2016",
"NGR": "NZ26434233",
"Site Height": "100",
"Aerial height (m)": "27",
"Power (kW)": "0.300,000"
},
{
 "Site": "Fenham",
"Date": "15\/11\/2000",
"NGR": "NZ21676488",
"Site Height": "120",
"Aerial height (m)": "35",
"Power (kW)": "1.499,999"
},
{
 "Site": "Hendon",
"Date": "27\/07\/2016",
"NGR": "NZ40955565",
"Site Height": "10",
"Aerial height (m)": "42",
"Power (kW)": "0.800,000"
},
{
 "Site": "Kenton TE",
"Date": "19\/09\/2016",
"NGR": "NZ21486744",
"Site Height": "120",
"Aerial height (m)": "21",
"Power (kW)": "0.100,000"
},
{
 "Site": "MORPETH",
"Date": "26\/04\/2016",
"NGR": "NZ21818645",
"Site Height": "60",
"Aerial height (m)": "50",
"Power (kW)": "1.100,001"
},
{
 "Site": "NEWTON",
"Date": "26\/05\/2016",
"NGR": "NZ03586532",
"Site Height": "165",
"Aerial height (m)": "45",
"Power (kW)": "0.600,000"
},
{
 "Site": "Peppermoor Farm",
"Date": "25\/08\/2016",
"NGR": "NU224152",
"Site Height": "107",
"Aerial height (m)": "27",
"Power (kW)": "1.199,999"
},
{
 "Site": "SHOTLEYFIELD",
"Date": "05\/04\/2016",
"NGR": "NZ06555323",
"Site Height": "199",
"Aerial height (m)": "53",
"Power (kW)": "0.300,000"
},
{
 "Site": "Whitley Bay",
"Date": "30\/06\/2016",
"NGR": "NZ3501071334",
"Site Height": "40",
"Aerial height (m)": "26",
"Power (kW)": "0.100,000"
}
],
"C188_correlation_data": [
{
 "Site": "Burnhope",
"Freq.": "220.352",
"Block": "11C",
"Serv Label1 ": "METRO Radio",
"Serv Label2 ": "Grt Hits N East",
"Serv Label3 ": "Smooth Radio",
"Serv Label4 ": "HITS RADIO UK",
"Serv Label10 ": "Magic Soul"
},
{
 "Site": "Cale Cross House",
"Freq.": "220.352",
"Block": "11C",
"Serv Label1 ": "METRO Radio",
"Serv Label2 ": "Grt Hits N East",
"Serv Label3 ": "Smooth Radio",
"Serv Label4 ": "HITS RADIO UK",
"Serv Label10 ": "Magic Soul"
},
{
 "Site": "DURHAM",
"Freq.": "220.352",
"Block": "11C",
"Serv Label1 ": "METRO Radio",
"Serv Label2 ": "Grt Hits N East",
"Serv Label3 ": "Smooth Radio",
"Serv Label4 ": "HITS RADIO UK",
"Serv Label10 ": "Magic Soul"
},
{
 "Site": "Fenham",
"Freq.": "220.352",
"Block": "11C",
"Serv Label1 ": "METRO Radio",
"Serv Label2 ": "Grt Hits N East",
"Serv Label3 ": "Smooth Radio",
"Serv Label4 ": "HITS RADIO UK",
"Serv Label10 ": "Magic Soul"
},
{
 "Site": "Hendon",
"Freq.": "220.352",
"Block": "11C",
"Serv Label1 ": "METRO Radio",
"Serv Label2 ": "Grt Hits N East",
"Serv Label3 ": "Smooth Radio",
"Serv Label4 ": "HITS RADIO UK",
"Serv Label10 ": "Magic Soul"
},
{
 "Site": "Kenton TE",
"Freq.": "220.352",
"Block": "11C",
"Serv Label1 ": "METRO Radio",
"Serv Label2 ": "Grt Hits N East",
"Serv Label3 ": "Smooth Radio",
"Serv Label4 ": "HITS RADIO UK",
"Serv Label10 ": "Magic Soul"
},
{
 "Site": "MORPETH",
"Freq.": "220.352",
"Block": "11C",
"Serv Label1 ": "METRO Radio",
"Serv Label2 ": "Grt Hits N East",
"Serv Label3 ": "Smooth Radio",
"Serv Label4 ": "HITS RADIO UK",
"Serv Label10 ": "Magic Soul"
},
{
 "Site": "NEWTON",
"Freq.": "220.352",
"Block": "11C",
"Serv Label1 ": "METRO Radio",
"Serv Label2 ": "Grt Hits N East",
"Serv Label3 ": "Smooth Radio",
"Serv Label4 ": "HITS RADIO UK",
"Serv Label10 ": "Magic Soul"
},
{
 "Site": "Peppermoor Farm",
"Freq.": "220.352",
"Block": "11C",
"Serv Label1 ": "METRO Radio",
"Serv Label2 ": "Grt Hits N East",
"Serv Label3 ": "Smooth Radio",
"Serv Label4 ": "HITS RADIO UK",
"Serv Label10 ": "Magic Soul"
},
{
 "Site": "SHOTLEYFIELD",
"Freq.": "220.352",
"Block": "11C",
"Serv Label1 ": "METRO Radio",
"Serv Label2 ": "Grt Hits N East",
"Serv Label3 ": "Smooth Radio",
"Serv Label4 ": "HITS RADIO UK",
"Serv Label10 ": "Magic Soul"
},
{
 "Site": "Whitley Bay",
"Freq.": "220.352",
"Block": "11C",
"Serv Label1 ": "METRO Radio",
"Serv Label2 ": "Grt Hits N East",
"Serv Label3 ": "Smooth Radio",
"Serv Label4 ": "HITS RADIO UK",
"Serv Label10 ": "Magic Soul"
}
],
"View":[
{"Current View": 0}
]
}
